code,prefname,name,url,stat2015_total,stat2015_dencity,stat2015_ave_age,stat2015_mean_age,stat2015_under15,stat2015_15to64,stat2015_over65,stat2015_per15,stat2015_per15to64,stat2015_per65
1100,北海道,北海道札幌市,http://www2.city.sapporo.jp/opendata/,1952356,"1,741.2",46.2,46.4,221013,1235516,483534,11.39205273,63.68432365,24.92362361
1202,北海道,北海道函館市,http://www.city.hakodate.hokkaido.jp/docs/2016072200055/,265979,392.4,50.1,52.7,27131,152154,85931,10.22977498,57.36984194,32.40038308
1203,北海道,北海道小樽市,http://www.city.otaru.lg.jp/sisei_tokei/kojin_joho/open_deta/,121924,500.0,52.4,56.5,11171,65317,45240,9.177017613,53.65815589,37.1648265
1204,北海道,北海道旭川市,http://www.city.asahikawa.hokkaido.jp/700/jouhouseisaku/jouhouseisaku004/d054760.html,339605,454.2,49.6,51.9,37173,191423,106444,11.09509312,57.13437202,31.77053486
1205,北海道,北海道室蘭市,http://www.city.muroran.lg.jp/main/org2260/odlib.php,88564,"1,095.0",49.9,52.5,9185,49005,30118,10.40109616,55.49327354,34.10563029
1345,北海道,北海道森町,http://www.town.hokkaido-mori.lg.jp/bunya/joho_opendata/,15946,43.2,51.2,55,1795,8625,5526,11.2567415,54.0887997,34.6544588
1346,北海道,北海道八雲町,http://www.town.yakumo.lg.jp/modules/jigyo/category0080.html,17252,18.0,49.8,52.3,1967,9895,5369,11.41547211,57.42557019,31.15895769
2201,青森県,青森県青森市,http://www.city.aomori.aomori.jp/joho-seisaku/opendata/opendata_portal.html,287648,348.8,48.2,50.2,32528,168992,80297,11.54224195,59.96515469,28.49260336
2202,青森県,青森県弘前市,https://www.opendata-hirosaki.jp/,177411,338.4,48.2,50.1,19410,105062,51830,11.00951776,59.59206362,29.39841862
2203,青森県,青森県八戸市,"http://www.city.hachinohe.aomori.jp/index.cfm/8,98085,35,516,html",231257,756.9,47.6,49.2,28122,136712,63614,12.31002241,59.84381566,27.84616193
4100,宮城県,宮城県仙台市,http://www.city.sendai.jp/joho-kikaku/shise/security/kokai/dataportal.html,1082159,"1,376.3",44.3,43.9,129309,674873,234360,12.45101305,64.98273541,22.56625153
4202,宮城県,宮城県石巻市,http://www.city.ishinomaki.lg.jp/cont/10182000/20161007130030.html,147214,265.5,48.8,51,16911,85018,44248,11.56885146,58.1609966,30.27015194
4212,宮城県,宮城県登米市,http://www.city.tome.miyagi.jp/kikaku/opendata.html,81959,152.9,49.9,53.5,9726,46668,25315,11.90321752,57.11488331,30.98189918
5203,秋田県,秋田県横手市,http://www.city.yokote.lg.jp/joho/page000006.html,92197,133.1,52.2,56.2,9805,49769,32319,10.67001839,54.15972925,35.17025236
5207,秋田県,秋田県湯沢市,http://www.city-yuzawa.jp/opendatatop/index.html,46613,58.9,53,56.9,4507,25403,16650,9.679982818,54.5597079,35.76030928
6201,山形県,山形県山形市,https://www.city.yamagata-yamagata.lg.jp/opendeta/,253832,665.7,46.8,47.3,31869,151271,68745,12.65220239,60.05558092,27.29221669
7202,福島県,福島県会津若松市,https://www.data4citizen.jp,124062,323.9,47.8,49.7,15681,72042,34914,12.7865163,58.74409844,28.46938526
7204,福島県,福島県いわき市,http://www.city.iwaki.lg.jp/www/contents/1450754040684/index.html,350237,284.3,48,49.9,42404,204962,98323,12.26651701,59.29086549,28.4426175
7208,福島県,福島県喜多方市,https://www.city.kitakata.fukushima.jp/soshiki/jyouhou/291.html,49377,89.0,51.4,55.1,5619,25951,16674,11.64704419,53.79114501,34.5618108
8201,茨城県,茨城県水戸市,http://www.city.mito.lg.jp/opendata_lib/index.html,270783,"1,246.0",45.6,45.7,34839,163039,66236,13.19089484,61.7305406,25.07856456
8216,茨城県,茨城県笠間市,http://www.city.kasama.lg.jp/page/page006070.html,76739,319.2,47.9,49.7,9251,45466,21713,12.10388591,59.48711239,28.4090017
8341,茨城県,茨城県東海村,http://www.vill.tokai.ibaraki.jp/viewer/genre1.html?id=1008,37713,993.0,44.2,44.3,5870,22388,8941,15.77999409,60.18441356,24.03559235
9201,栃木県,栃木県宇都宮市,http://www.city.utsunomiya.tochigi.jp/opendata/index.html,518594,"1,244.1",44.5,44.2,70889,327930,119000,13.68991868,63.32907831,22.98100301
9208,栃木県,栃木県小山市,https://www.city.oyama.tochigi.jp/gyosei/johokokai/opendata/opendata_site.html,166760,970.9,44.4,44.5,22523,105124,37162,13.6661226,63.78535153,22.54852587
9210,栃木県,栃木県大田原市,http://opendata-nasu.opendatastack.jp/,75457,212.9,46.4,46.8,9056,46574,18817,12.16435854,62.55994197,25.27569949
9213,栃木県,栃木県那須塩原市,http://opendata-nasu.opendatastack.jp/,117146,197.6,45.4,45.8,15836,71997,27944,13.67801895,62.18592639,24.13605466
9214,栃木県,栃木県さくら市,http://www.city.tochigi-sakura.lg.jp/site/opendata/,44901,357.4,44.9,44.7,6417,27694,10648,14.33678143,61.87358967,23.7896289
9386,栃木県,栃木県高根沢町,https://www.town.takanezawa.tochigi.jp/gyosei/tokei/opendata-jyunbi.html,29639,418.2,44.8,44.4,3845,18679,6722,13.14709704,63.86856322,22.98433974
9407,栃木県,栃木県那須町,http://opendata-nasu.opendatastack.jp/,24919,66.9,51.4,56.4,2570,13692,8614,10.33124297,55.04100338,34.62775366
10201,群馬県,群馬県前橋市,http://www.city.maebashi.gunma.jp/sisei/499/509/p012146.html,336154,"1,078.8",47,47.7,41961,196034,91143,12.74875584,59.55981989,27.69142427
11100,埼玉県,埼玉県さいたま市,http://www.city.saitama.jp/006/008/002/014/index.html,1263979,"5,813.3",44.3,44.4,164722,799279,284138,13.1974083,64.03765927,22.76493243
11201,埼玉県,埼玉県川越市,https://opendata.pref.saitama.lg.jp/,350745,"3,214.0",45.1,45,44231,216977,87358,12.68941893,62.24846944,25.06211162
11202,埼玉県,埼玉県熊谷市,http://www.city.kumagaya.lg.jp/about/opendata/index.html,198742,"1,243.5",46.5,47.3,23986,122319,52007,12.0950825,61.68007987,26.22483763
11203,埼玉県,埼玉県川口市,http://www.city.kawaguchi.lg.jp/kbn/04150088/04150088.html,578112,"9,331.9",44.2,44,74476,369270,129410,12.99401908,64.42748571,22.57849521
11217,埼玉県,埼玉県鴻巣市,http://www.city.kounosu.saitama.jp/opendata/,118072,"1,750.8",46.5,47.6,14096,72869,30968,11.95254933,61.78847312,26.25897756
11218,埼玉県,埼玉県深谷市,http://www.city.fukaya.saitama.jp/soshiki/somu/johoshisutemu/tanto/1447976830574.html,143811,"1,039.3",46.2,46.9,18574,87536,37423,12.94057812,60.98667205,26.07274982
11222,埼玉県,埼玉県越谷市,https://opendata.pref.saitama.lg.jp/,337498,"5,602.6",44.5,44.5,44429,211577,80330,13.20970696,62.9064388,23.88385424
11224,埼玉県,埼玉県戸田市,http://www.city.toda.saitama.jp/site/opendata/,136150,"7,484.9",40.7,40.8,19758,89730,21764,15.0534849,68.36467254,16.58184256
11227,埼玉県,埼玉県朝霞市,https://opendata.pref.saitama.lg.jp,136299,"7,431.8",42,42,18751,90480,25398,13.92790558,67.20691679,18.86517764
11229,埼玉県,埼玉県和光市,http://www.city.wako.lg.jp/home/shisei/_5745/_13903.html,80826,"7,321.2",40.8,39.9,11260,55944,13602,13.93460882,69.23248274,16.83290845
11230,埼玉県,埼玉県新座市,https://opendata.pref.saitama.lg.jp/,162122,"7,116.9",44.7,44.8,21855,100397,39311,13.52723086,62.14108428,24.33168485
11232,埼玉県,埼玉県久喜市,https://opendata.pref.saitama.lg.jp/,152311,"1,848.2",46.8,47.9,17818,93672,40589,11.71627904,61.59430296,26.689418
11233,埼玉県,埼玉県北本市,http://www.city.kitamoto.saitama.jp/opendata/,67409,"3,401.1",47.4,48.5,7690,40610,19028,11.42169677,60.31665875,28.26164449
11237,埼玉県,埼玉県三郷市,https://opendata.pref.saitama.lg.jp/,136521,"4,531.1",45.2,45.2,17491,84593,34357,12.81946043,61.99969217,25.1808474
11242,埼玉県,埼玉県日高市,http://www.city.hidaka.lg.jp/benrinasabisu/opendatecatalog.html,56520,"1,190.4",47,47.9,7342,32816,16287,13.00735229,58.13801045,28.85463726
11245,埼玉県,埼玉県ふじみ野市,http://www.city.fujimino.saitama.jp/doc/2016052700063/,110970,"7,579.9",44.7,44.6,15152,68532,27211,13.66337526,61.79899905,24.53762568
11324,埼玉県,埼玉県三芳町,https://www.town.saitama-miyoshi.lg.jp/town/chosa/opendata.html,38456,"2,508.5",46.6,46.8,5123,22432,10847,13.34045102,58.41362429,28.24592469
11326,埼玉県,埼玉県毛呂山町,https://opendata.pref.saitama.lg.jp/,37275,"1,094.1",47.4,48.3,3677,22713,10694,9.915327365,61.24743825,28.83723439
11348,埼玉県,埼玉県鳩山町,https://opendata.pref.saitama.lg.jp/,14338,557.2,53.4,59.2,1153,7599,5583,8.043250785,53.0101151,38.94663411
11369,埼玉県,埼玉県東秩父村,https://opendata.pref.saitama.lg.jp/,2915,78.7,53.3,58.2,227,1643,1044,7.78997941,56.38297872,35.82704187
11464,埼玉県,埼玉県杉戸町,https://opendata.pref.saitama.lg.jp/,45495,"1,515.0",47.3,48.4,5341,27097,12993,11.75628976,59.64429575,28.5994145
12100,千葉県,千葉県千葉市,http://www.city.chiba.jp/opendata/index.php,971882,"3,576.3",45.4,45.6,122062,597580,238213,12.7432649,62.38731332,24.86942178
12203,千葉県,千葉県市川市,http://www.city.ichikawa.lg.jp/pla01/opendata.html,481732,"8,385.2",45.4,45.4,49931,284939,104735,11.35815107,64.81705167,23.82479726
12206,千葉県,千葉県木更津市,"http://www.city.kisarazu.lg.jp/14,45452,50,305.html",134141,965.4,45.6,45.6,17688,80841,34730,13.27339992,60.6645705,26.06202958
12207,千葉県,千葉県松戸市,http://www.city.matsudo.chiba.jp/shisei/keikaku-kousou/opendata/index.html,483480,"7,876.8",45.9,46,56055,296656,121666,11.81655097,62.53591553,25.6475335
12208,千葉県,千葉県野田市,http://www.city.noda.chiba.jp/shisei/johokoukai/opendata/index.html,153583,"1,483.2",46.7,47.4,19075,91030,42678,12.48502778,59.58123613,27.93373608
12216,千葉県,千葉県習志野市,http://www.city.narashino.lg.jp/joho/keikaku/soumu/open-data.html,167909,"8,007.1",43.6,43.4,22309,107781,37455,13.31522874,64.3295831,22.35518816
12220,千葉県,千葉県流山市,http://www.city.nagareyama.chiba.jp/10763/index.html,174373,"4,936.9",44.3,43.6,24745,106813,41953,14.26134366,61.55978583,24.1788705
12227,千葉県,千葉県浦安市,https://www.city.urayasu.lg.jp/shisei/keikaku/joho/1007718.html,164024,"9,481.2",40.5,40.8,23336,113576,25836,14.33873227,69.78641827,15.87484946
12231,千葉県,千葉県印西市,http://www.city.inzai.lg.jp/0000004803.html,92670,748.6,43.5,44.4,13825,59599,18943,14.96746674,64.52412658,20.50840668
13101,東京都,東京都千代田区,https://www.city.chiyoda.lg.jp/koho/kuse/homepage/open-data.html,58406,"5,009.1",42.7,41.6,6698,39564,10286,11.84480441,69.96533918,18.18985641
13103,東京都,東京都港区,http://www.city.minato.tokyo.jp/ictsuishintan/opendata/,243283,"11,943.2",42.9,42.1,30012,170255,42694,12.3525998,70.07503262,17.57236758
13104,東京都,東京都新宿区,http://www.city.shinjuku.lg.jp/kusei/joho01_002008.html,333560,"18,307.4",43.9,41.6,27060,232488,65274,8.330716516,71.57396974,20.09531374
13105,東京都,東京都文京区,http://www.city.bunkyo.lg.jp/kusejoho/opendata.html,219724,"19,461.8",43.3,42.1,23478,146424,41946,11.08247423,69.11748046,19.80004532
13106,東京都,東京都台東区,http://www.city.taito.lg.jp/index/kusei/opendata/opendata.html,198073,"19,591.8",46.1,44.8,17601,131798,46590,8.980606054,67.24765165,23.77174229
13107,東京都,東京都墨田区,http://www.city.sumida.lg.jp/kuseijoho/sumida_info/opendata/index.html,256274,"18,611.0",45.2,43.9,26607,169311,58196,10.47049749,66.62797012,22.90153238
13109,東京都,東京都品川区,http://www.city.shinagawa.tokyo.jp/hp/menu000024200/hpg000024168.htm,386855,"16,937.6",44.2,42.9,40415,256619,78247,10.76926357,68.38049355,20.85024288
13112,東京都,東京都世田谷区,http://www.city.setagaya.lg.jp/kurashi/107/165/831/d00136348.html,903346,"15,561.5",44.6,44,97019,573317,184512,11.34926911,67.06654282,21.58418807
13115,東京都,東京都杉並区,http://www2.wagmap.jp/suginami/top/opendata.asp,563997,"16,558.9",44.9,43.4,54535,370649,124460,9.921876706,67.43437571,22.64374759
13116,東京都,東京都豊島区,http://www.city.toshima.lg.jp/020/kuse/electronic/open-data/1511041608.html,291167,"22,380.2",43.7,41.3,23828,205853,57418,8.299576104,71.70105086,19.99937304
13119,東京都,東京都板橋区,http://www.city.itabashi.tokyo.jp/c_categories/index01001019.html,561916,"17,440.0",45,44.1,59238,361101,128058,10.80202846,65.8466403,23.35133124
13120,東京都,東京都練馬区,http://www.city.nerima.tokyo.jp/kusei/tokei/opendata/index.html,721722,"15,010.9",44.3,43.7,86105,472513,158290,12.01060666,65.90985175,22.07954159
13121,東京都,東京都足立区,http://www.city.adachi.tokyo.jp/ku/koho/opendata/index.html,670122,"12,584.5",45.6,45.4,79365,416200,165151,12.01196883,62.99226899,24.99576217
13123,東京都,東京都江戸川区,https://www.city.edogawa.tokyo.jp/kuseijoho/open-data/index.html,681298,"13,653.3",43,42.8,90730,444656,139193,13.44987022,65.91607506,20.63405472
13201,東京都,東京都八王子市,http://www.city.hachioji.tokyo.jp/contents/open/002/index.html,577513,"3,098.6",45.2,45.4,66908,355230,140909,11.8831998,63.09064785,25.02615235
13206,東京都,東京都府中市,http://www.city.fuchu.tokyo.jp/gyosei/opendata/index.html,260274,"8,843.8",43.3,43.1,34287,169863,53564,13.30428304,65.91143671,20.78428025
13208,東京都,東京都調布市,http://www.city.chofu.tokyo.jp/www/genre/0000000000000/1415777807513/index.html,229061,"10,614.5",43.7,43.2,27647,151021,48182,12.18734847,66.5730659,21.23958563
13209,東京都,東京都町田市,https://www.city.machida.tokyo.jp/shisei/opendata/index.html,432348,"6,021.6",45.6,45.8,55649,262725,109460,13.00714763,61.40816298,25.58468939
13212,東京都,東京都日野市,"http://www.city.hino.lg.jp/index.cfm/196,129180,353,2132,html",186283,"6,761.6",44.3,44,23438,116235,43709,12.78097087,63.3840835,23.83494563
13213,東京都,東京都東村山市,http://www.city.higashimurayama.tokyo.jp/shisei/keikaku/joho/opendata/index.html,149956,"8,748.9",46.1,46.3,18482,91302,38211,12.48825974,61.69262475,25.81911551
13218,東京都,東京都福生市,http://www.city.fussa.tokyo.jp/municipal/outline/opendata/1005584.html,58395,"5,747.5",47.7,48.5,5016,31693,13577,9.974943324,63.02549417,26.9995625
13223,東京都,東京都武蔵村山市,http://www.city.musashimurayama.lg.jp/opendata/index.html,71229,"4,649.4",44.6,44.7,10361,42790,17567,14.65114964,60.50793292,24.84091745
13224,東京都,東京都多摩市,http://www.city.tama.lg.jp/opendata.html,146631,"6,979.1",46.2,46.4,17296,90167,38786,11.82640565,61.65307113,26.52052322
13225,東京都,東京都稲城市,http://www.city.inagi.tokyo.jp/shisei/gyosei/opendata/opendata_catalogpage/index.html,87636,"4,876.8",43.1,43.5,12980,55815,18113,14.93533392,64.22308648,20.8415796
14100,神奈川県,神奈川県横浜市,http://www.city.yokohama.lg.jp/seisaku/seisaku/opendata/catalog.html,3724844,"8,514.1",44.9,45,468535,2368291,865490,12.65518665,63.96782446,23.37698889
14130,神奈川県,神奈川県川崎市,http://www.city.kawasaki.jp/shisei/category/51-7-4-0-0-0-0-0-0-0.html,1475213,"10,316.2",42.8,42.2,184135,972976,279482,12.81747858,67.72802039,19.45450103
14150,神奈川県,神奈川県相模原市,http://www.city.sagamihara.kanagawa.jp/opendata/index.html,720780,"2,193.1",44.8,44.9,88850,454821,171040,12.43159823,63.6370505,23.93135127
14201,神奈川県,神奈川県横須賀市,http://www.city.yokosuka.kanagawa.jp/0110/opendata/index.html,406586,"4,032.4",47.8,48.4,46530,238148,120465,11.48483375,58.78122046,29.73394579
14203,神奈川県,神奈川県平塚市,http://www.city.hiratsuka.kanagawa.jp/keikaku/page-c_00951.html,258227,"3,807.5",46,46.4,31632,158317,66456,12.3367329,61.74489577,25.91837133
14204,神奈川県,神奈川県鎌倉市,https://www.city.kamakura.kanagawa.jp/opendata/opendata.html,173019,"4,361.5",48.8,49.3,20630,99173,52859,11.94819937,57.43765276,30.61414787
14205,神奈川県,神奈川県藤沢市,http://www.city.fujisawa.kanagawa.jp/joho006/shise/kekaku/kakushu/datalibrary.html,423894,"6,093.1",44.5,44.6,57615,266893,99195,13.59796839,62.99058539,23.41144623
14207,神奈川県,神奈川県茅ヶ崎市,http://www.city.chigasaki.kanagawa.jp/jyohosuishin/1009746.html,239348,"6,704.4",45.4,45.6,32593,146393,59592,13.66136023,61.36064516,24.97799462
14208,神奈川県,神奈川県逗子市,http://www.city.zushi.kanagawa.jp/syokan/jouhou/opendata.html,57425,"3,323.2",49.2,50.1,6756,32483,18005,11.80211026,56.74481168,31.45307805
14210,神奈川県,神奈川県三浦市,http://www.city.miura.kanagawa.jp/toukeijyouhou/opendataportal.html,45289,"1,413.1",51.6,55.1,4301,24885,16081,9.501402788,54.97382199,35.52477522
14212,神奈川県,神奈川県厚木市,http://www.city.atsugi.kanagawa.jp/shisei/15001/opendata/index.html,225714,"2,405.3",44.1,44.2,28919,144236,51432,12.87652446,64.22277336,22.90070218
14213,神奈川県,神奈川県大和市,http://www.city.yamato.lg.jp/web/jyoho/opendata.html,232922,"8,598.1",44.4,44.4,29806,148510,53184,12.87516199,64.15118791,22.97365011
14215,神奈川県,神奈川県海老名市,http://www.city.ebina.kanagawa.jp/www/contents/1351647866064/index.html,130190,"4,896.2",44.4,44.4,17886,81594,30218,13.79049793,62.91076192,23.29874015
14218,神奈川県,神奈川県綾瀬市,http://www.city.ayase.kanagawa.jp/hp/page000028100/hpg000028050.htm,84460,"3,814.8",44.9,44.9,11850,50615,21593,14.09740893,60.21437579,25.68821528
14301,神奈川県,神奈川県葉山町,http://www.town.hayama.lg.jp/chousei/outline/opendata.html,32096,"1,883.6",48.8,49.9,4192,17338,9890,13.3418205,55.18141311,31.47676639
15100,新潟県,新潟県新潟市,http://www.city.niigata.lg.jp/shisei/seisaku/it/open-data/index.html,810157,"1,115.2",46.8,47.2,98367,488815,217107,12.23030528,60.77603946,26.99365527
15202,新潟県,新潟県長岡市,http://www.city.nagaoka.niigata.jp/shisei/cate10/index.html,275133,308.8,47.8,48.8,34453,160452,79166,12.57083019,58.54395394,28.88521587
15204,新潟県,新潟県三条市,http://www.city.sanjo.niigata.jp/joho/page00160.html,99192,229.6,48.5,50.3,11962,57474,29492,12.09162219,58.09679767,29.81158014
15210,新潟県,新潟県十日町市,http://www.city.tokamachi.lg.jp/shisei_machidukuri/F022/F028/1454068614755.html,54917,93.0,52,56.1,6266,28866,19725,11.42242558,52.62044953,35.95712489
15211,新潟県,新潟県見附市,http://www.city.mitsuke.niigata.jp/11721.htm,40608,521.2,48.6,50.7,4906,23491,12157,12.09745031,57.92523549,29.9773142
15216,新潟県,新潟県糸魚川市,http://www.city.itoigawa.lg.jp/dd.aspx?menuid=5850,44162,59.2,52.4,56.3,4816,22942,16346,10.91964448,52.01795755,37.06239797
15222,新潟県,新潟県上越市,http://www.city.joetsu.niigata.jp/soshiki/soumukanri/open-data-portal.html,196987,202.3,48.4,50.2,25048,111997,58970,12.77861388,57.1369538,30.08443231
16201,富山県,富山県富山市,http://opdt.city.toyama.lg.jp/,418686,337.2,47.1,47.4,52626,245586,117978,12.64470554,59.00814532,28.34714914
16202,富山県,富山県高岡市,http://www.city.takaoka.toyama.jp/joho/shise/opendata/info.html,172125,821.3,49.3,50.9,19223,94740,53973,11.44662252,56.41434832,32.13902915
16204,富山県,富山県魚津市,http://www.city.uozu.toyama.jp/event-topics/svTopiDtl.aspx?servno=3274,42935,214.0,49.5,50.8,4851,23977,13867,11.36198618,56.1588008,32.47921302
16208,富山県,富山県砺波市,https://www.city.tonami.toyama.jp/info/1411533258.html,49000,385.7,47.2,47.5,6733,28209,13837,13.80307099,57.83021382,28.36671518
16210,富山県,富山県南砺市,http://opendata.city.nanto.toyama.jp,51327,76.8,51.6,55.4,5622,27152,18513,10.96184218,52.94129117,36.09686665
17201,石川県,石川県金沢市,http://www4.city.kanazawa.lg.jp/11010/opendata/,465699,993.7,45.1,44.8,59946,282984,114346,13.1093694,61.88472607,25.00590453
17202,石川県,石川県七尾市,http://www.city.nanao.lg.jp/koho/shise/koho/opendata/index.html,55325,173.8,50.9,54.7,6041,29571,18940,11.07383781,54.20699516,34.71916703
17205,石川県,石川県珠洲市,http://www.city.suzu.ishikawa.jp/soumu/opendata_index.html,14625,59.2,57.7,63.3,1157,6642,6816,7.916524119,45.44645912,46.63701676
17210,石川県,石川県白山市,http://www.city.hakusan.ishikawa.jp/kikakusinkoubu/jouhoutoukei/open_data/opendata.html,109287,144.8,45.5,46,15721,65303,27915,14.43101185,59.94455613,25.62443202
17211,石川県,石川県能美市,http://www.city.nomi.ishikawa.jp/chiiki/NomiVitalization/opendata.html,48881,580.9,44.3,44.1,7596,29195,11983,15.57387132,59.85771108,24.5684176
17212,石川県,石川県野々市市,http://www.city.nonoichi.lg.jp/hisyo/opendata/opendata_top.html,55099,"4,063.3",40.7,39.5,7961,34620,9824,15.19129854,66.06239863,18.74630283
17365,石川県,石川県内灘町,http://www.town.uchinada.lg.jp/webapps/www/service/detail.jsp?id=7789,26987,"1,327.4",44.4,44.6,3721,16654,6435,13.87914957,62.11861246,24.00223797
18201,福井県,福井県福井市,http://www.city.fukui.lg.jp/sisei/tokei/opendata/opengov.html,265904,495.7,46.9,47.7,34073,151638,72481,13.1967683,58.73071203,28.07251968
18202,福井県,福井県敦賀市,http://www.pref.fukui.lg.jp/doc/toukei-jouhou/opendata/list_ct.html,66165,263.2,46.6,47.6,9038,39093,17572,13.75584068,59.49956623,26.74459309
18205,福井県,福井県大野市,http://www.pref.fukui.lg.jp/doc/toukei-jouhou/opendata/list_ct.html,33109,38.0,50.9,54.7,3787,18063,11253,11.44005075,54.56605142,33.99389783
18206,福井県,福井県勝山市,http://www.city.katsuyama.fukui.jp/docs/page/index.php?cd=4080,24125,95.0,50.8,54.6,2750,13167,8185,11.40984151,54.63032114,33.95983736
18207,福井県,福井県鯖江市,https://www.city.sabae.fukui.jp/about_city/opendata/data_list/xml-opendata.html,68284,807.2,45.4,45.3,10257,39994,17811,15.07008316,58.76112956,26.16878728
18208,福井県,福井県あわら市,http://www.pref.fukui.lg.jp/doc/toukei-jouhou/opendata/list_ct.html,28729,245.6,49.2,51.8,3291,16551,8870,11.46210644,57.64488716,30.89300641
18209,福井県,福井県越前市,http://www.city.echizen.lg.jp/office/010/021/open-data-echizen.html,81524,353.4,46.8,47.4,10928,47507,22484,13.50486289,58.70932661,27.7858105
18210,福井県,福井県坂井市,http://www.city.fukui-sakai.lg.jp/kikaku/shisei/joho/opendata/sakaishi-opendata.html,90280,430.6,46,46.7,12748,53361,23590,14.21197561,59.48895751,26.29906688
18322,福井県,福井県永平寺町,https://www.town.eiheiji.lg.jp/900/905/p002092.html,19883,210.6,46.2,46.6,2437,11867,5413,12.35989248,60.18664097,27.45346655
18382,福井県,福井県池田町,http://www.town.ikeda.fukui.jp/gyousei/gyousei/1937/p001503.html,2638,13.6,56.2,60.6,214,1285,1139,8.112206217,48.71114481,43.17664898
18404,福井県,福井県南越前町,http://www.pref.fukui.lg.jp/doc/toukei-jouhou/opendata/list_ct.html,10799,31.4,50.2,53.7,1332,5822,3645,12.33447541,53.9123993,33.75312529
18423,福井県,福井県越前町,http://www.pref.fukui.lg.jp/doc/toukei-jouhou/opendata/list_ct.html,21538,140.6,49.2,51.8,2735,12043,6752,12.70320483,55.93590339,31.36089178
18442,福井県,福井県美浜町,http://www.pref.fukui.lg.jp/doc/toukei-jouhou/opendata/list_ct.html,9914,65.1,50.6,53.8,1068,5532,3308,10.77916835,55.83366976,33.38716189
18481,福井県,福井県高浜町,http://www.pref.fukui.lg.jp/doc/toukei-jouhou/opendata/list_ct.html,10596,146.4,48.1,49.5,1369,6042,3172,12.9358405,57.09156194,29.97259756
18483,福井県,福井県おおい町,http://www.pref.fukui.lg.jp/doc/toukei-jouhou/opendata/list_ct.html,8325,39.2,48.3,51,1157,4680,2454,13.95489085,56.44674949,29.59835967
18501,福井県,福井県若狭町,http://www.pref.fukui.lg.jp/doc/toukei-jouhou/opendata/list_ct.html,15257,85.5,50.1,53.2,1988,8134,5134,13.03093865,53.31672784,33.65233351
20207,長野県,長野県須坂市,http://opendata.city.suzaka.nagano.jp/,50725,338.9,48.2,49.4,6622,28654,15369,13.07532827,56.57814197,30.34652977
20210,長野県,長野県駒ヶ根市,http://www.city.komagane.nagano.jp/index.php?f=&ci=10850&i=15536,32759,197.5,47.7,48.5,4490,18573,9564,13.76160848,56.92524596,29.31314555
20211,長野県,長野県中野市,http://www.city.nakano.nagano.jp/docs/opendata/,43909,391.4,48.1,49.8,5770,25155,12910,13.1629976,57.38565074,29.45135166
20215,長野県,長野県塩尻市,http://www.city.shiojiri.lg.jp/gyosei/shisaku/johoka/kk144020150928.html,67135,231.5,46.6,46.6,8692,40175,18203,12.95959445,59.90010437,27.14030118
21202,岐阜県,岐阜県大垣市,https://www2.city.ogaki.lg.jp/cgi-bin/opendata/db.cgi,159879,774.0,45.7,45.8,21667,95945,41486,13.61865014,60.30559781,26.07575205
21205,岐阜県,岐阜県関市,http://www.city.seki.lg.jp/0000010802.html,89153,188.8,46.5,47.3,12044,52612,24347,13.53212813,59.11261418,27.35525769
21209,岐阜県,岐阜県羽島市,http://www.city.hashima.lg.jp/0000006330.html,67337,"1,254.9",45.2,45.6,9443,40602,16939,14.09739639,60.6144751,25.28812851
22100,静岡県,静岡県静岡市,http://open.city.shizuoka.jp/,704989,499.3,47.5,48.2,85299,415466,200229,12.16829245,59.26812498,28.56358257
22130,静岡県,静岡県浜松市,https://www.city.hamamatsu.shizuoka.jp/koho2/opendata/index.html,797980,512.2,46.2,46.5,107411,473435,208355,13.61009426,59.98915359,26.40075215
22203,静岡県,静岡県沼津市,https://open-data.pref.shizuoka.jp/,195633,"1,046.4",48.4,49.6,22389,115320,57076,11.49421157,59.20373745,29.30205098
22206,静岡県,静岡県三島市,https://www.city.mishima.shizuoka.jp/ipn017227.html,110046,"1,774.4",46.6,47.4,14217,65811,29366,12.99614238,60.15960656,26.84425106
22208,静岡県,静岡県伊東市,http://www.city.ito.shizuoka.jp/html/20170322141404.html,68345,550.7,53,57.6,6829,33849,26762,10.12603796,50.19128114,39.6826809
22209,静岡県,静岡県島田市,https://www.city.shimada.shizuoka.jp/jouhou/opendata.html,98112,310.8,47.9,49.3,12778,56193,28840,13.06397031,57.45059349,29.4854362
22210,静岡県,静岡県富士市,https://open-data.pref.shizuoka.jp/,248399,"1,014.1",46.3,47.1,33258,148073,64166,13.54721239,60.31560467,26.13718294
22211,静岡県,静岡県磐田市,https://www.city.iwata.shizuoka.jp/shisei/opendata.php,167210,"1,023.0",46.1,46.5,22848,99905,43711,13.7254902,60.01597943,26.25853037
22212,静岡県,静岡県焼津市,https://open-data.pref.shizuoka.jp/,139462,"1,983.5",46.8,47.7,18420,81840,38648,13.26057534,58.91669306,27.82273159
22213,静岡県,静岡県掛川市,http://www.city.kakegawa.shizuoka.jp/city/jyohosuishin/seisaku/opendata/opendata_kakegawa.html,114602,431.3,46,46.7,16060,69041,29096,14.06341673,60.45780537,25.4787779
22214,静岡県,静岡県藤枝市,https://open-data.pref.shizuoka.jp/,143605,740.0,46.9,47.8,19303,84051,39753,13.4885086,58.73297602,27.77851538
22215,静岡県,静岡県御殿場市,https://open-data.pref.shizuoka.jp/,88078,451.9,44.1,43.7,12995,54185,20244,14.86433931,61.97954795,23.15611274
22216,静岡県,静岡県袋井市,http://www.city.fukuroi.shizuoka.jp/opendata/index.html,85789,791.9,43.9,43.5,13001,52667,18997,15.35581409,62.20634264,22.43784326
22220,静岡県,静岡県裾野市,https://open-data.pref.shizuoka.jp/,52737,381.8,44.5,44.6,7672,32448,12384,14.61222002,61.80100564,23.58677434
22221,静岡県,静岡県湖西市,https://open-data.pref.shizuoka.jp/,59789,690.7,45.6,45.9,8080,36227,15079,13.60590038,61.0025932,25.39150642
22223,静岡県,静岡県御前崎市,http://www.city.omaezaki.shizuoka.jp/somu/shise/johosesaku/opendatalist.html,32578,496.9,47.2,48.4,4171,19139,8767,13.00308632,59.66580416,27.33110952
22224,静岡県,静岡県菊川市,https://open-data.pref.shizuoka.jp/,46763,496.5,45.4,45.5,6755,28176,11682,14.49166542,60.44665651,25.06167807
22225,静岡県,静岡県伊豆の国市,https://www.city.izunokuni.shizuoka.jp/system/opendata/opendata.html,48152,508.9,48.5,50.2,5889,27334,14788,12.26593906,56.93278624,30.80127471
22226,静岡県,静岡県牧之原市,https://open-data.pref.shizuoka.jp/,45547,407.8,48.2,50.2,5632,26685,13137,12.39054869,58.70770449,28.90174682
22301,静岡県,静岡県東伊豆町,https://open-data.pref.shizuoka.jp/,12624,162.2,55.1,60.8,1065,6206,5348,8.439654489,49.17980823,42.38053729
22304,静岡県,静岡県南伊豆町,https://open-data.pref.shizuoka.jp/,8524,77.5,55.9,62.1,824,3956,3744,9.666823088,46.41013609,43.92304083
22325,静岡県,静岡県函南町,https://open-data.pref.shizuoka.jp/,37661,578.0,48,49.5,4712,21587,11315,12.52725049,57.3908651,30.0818844
22342,静岡県,静岡県長泉町,https://open-data.pref.shizuoka.jp/,42331,"1,589.6",42.5,42.3,6862,26348,8932,16.28304304,62.5219496,21.19500736
22344,静岡県,静岡県小山町,https://open-data.pref.shizuoka.jp/,19497,143.6,46.4,46.7,2377,11929,5092,12.2538406,61.49603052,26.25012888
22424,静岡県,静岡県吉田町,https://open-data.pref.shizuoka.jp/,29093,"1,403.4",44.9,45.3,4216,17672,6924,14.63279189,61.33555463,24.03165348
22429,静岡県,静岡県川根本町,http://www.town.kawanehon.shizuoka.jp/chosei/10/2/3940.html,7192,14.5,58,63,535,3335,3321,7.439855375,46.37741621,46.18272841
23100,愛知県,愛知県名古屋市,http://www.city.nagoya.jp/shisei/category/388-1-0-0-0-0-0-0-0-0.html,2295638,"7,032.1",45,44.7,282497,1429795,545210,12.51369877,63.33527058,24.15103065
23201,愛知県,愛知県豊橋市,http://www.city.toyohashi.lg.jp/16399.htm,374765,"1,431.2",44.6,44.6,52524,230340,89758,14.09578608,61.81599583,24.08821809
23202,愛知県,愛知県岡崎市,http://www.city.okazaki.lg.jp/1550/1552/1583/p015630.html,381051,984.1,43.2,43.1,56430,240554,81907,14.8934654,63.48897176,21.61756283
23203,愛知県,愛知県一宮市,http://www.city.ichinomiya.aichi.jp/opendata/index.html,380868,"3,346.2",45.3,45.6,52948,227596,97058,14.02217149,60.27404516,25.70378335
23204,愛知県,愛知県瀬戸市,http://www.city.seto.aichi.jp/docs/2017071500016/,129046,"1,158.4",46.7,47.4,16575,75384,36066,12.9466901,58.88224956,28.17106034
23205,愛知県,愛知県半田市,http://www.city.handa.lg.jp/shise/johoseisaku/opendata/index.html,116908,"2,465.4",44.1,44.3,16261,73218,26728,13.99313294,63.00653145,23.00033561
23210,愛知県,愛知県刈谷市,https://www.city.kariya.lg.jp/shisei/opendata/index.html,149765,"2,972.1",41.4,40.6,21942,98318,28303,14.76949173,66.17933133,19.05117694
23211,愛知県,愛知県豊田市,http://www.city.toyota.aichi.jp/shisei/joho/kokaihogo/1018965/index.html,422542,460.1,42.5,42,60357,272081,87315,14.37917061,64.8193104,20.80151899
23215,愛知県,愛知県犬山市,http://www.city.inuyama.aichi.jp/shisei/toukei/1003763.html,74308,992.1,46.3,46.5,9851,43519,20670,13.30497029,58.77768774,27.91734198
23219,愛知県,愛知県小牧市,http://www.city.komaki.aichi.jp/12118/index.html,149462,"2,379.6",44,44,20267,89973,33816,14.06883434,62.45696118,23.47420448
23224,愛知県,愛知県知多市,http://www.city.chita.lg.jp/docs/2016052400062/,84617,"1,843.5",45.1,45.3,11829,50839,21432,14.06539834,60.45065398,25.48394768
23225,愛知県,愛知県知立市,http://www.city.chiryu.aichi.jp/shisei/opendata/,70501,"4,322.6",41.9,41.5,10164,45714,13414,14.66835998,65.97298389,19.35865612
23226,愛知県,愛知県尾張旭市,http://www.city.owariasahi.lg.jp/sisei/data/opendata.html,80787,"3,841.5",44.9,45.2,11504,48186,19920,14.45044592,60.52757191,25.02198216
23228,愛知県,愛知県岩倉市,http://www.city.iwakura.aichi.jp/0000002334.html,47562,"4,542.7",44.9,44.9,6100,29672,11361,12.94210001,62.95376912,24.10413086
23229,愛知県,愛知県豊明市,http://www.city.toyoake.lg.jp/kikaku/joho/opendata.htm,69127,"2,977.0",44.7,44.8,9047,42605,17047,13.16904176,62.01691437,24.81404387
23230,愛知県,愛知県日進市,http://www.city.nisshin.lg.jp/seisaku/toukei/18979/index.html,87977,"2,520.1",41.4,41.3,14347,55182,17230,16.53661292,63.60377598,19.85961111
23236,愛知県,愛知県みよし市,http://www.city.aichi-miyoshi.lg.jp/shisei/opendata/7shimachi-opendata.html,61810,"1,920.2",40.3,41,10170,40940,10371,16.54169581,66.58967811,16.86862608
23238,愛知県,愛知県長久手市,https://www.city.nagakute.lg.jp/jyouhou/opendata.html,57598,"2,672.8",38.6,38.2,9897,37414,8691,17.67258312,66.80832827,15.5190886
23302,愛知県,愛知県東郷町,https://www.town.aichi-togo.lg.jp/kikaku/toukei/chousei/toukei/od/od2.html,42858,"2,377.0",42.6,42.8,7068,26070,9462,16.5915493,61.1971831,22.21126761
23442,愛知県,愛知県東浦町,http://opendata.town.aichi-higashiura.lg.jp/,49230,"1,580.9",44.4,44.5,6913,29957,11921,14.16859667,61.3986186,24.43278473
24201,三重県,三重県津市,http://www.info.city.tsu.mie.jp/www/contents/1001000000855/index.html,279886,393.6,46.8,47.4,35663,165058,77624,12.81251684,59.29978983,27.88769333
24202,三重県,三重県四日市市,http://www5.city.yokkaichi.mie.jp/www/genre/1487307955678/index.html,311031,"1,506.6",45.1,45.2,41253,189755,75660,13.45200673,61.87636141,24.67163186
24203,三重県,三重県伊勢市,http://www.city.ise.mie.jp/14504.htm,127817,613.5,47.8,49.2,15880,73987,37432,12.47456775,58.1206451,29.40478715
24205,三重県,三重県桑名市,http://www.opendata.city.kuwana.lg.jp,140303,"1,026.5",45.2,45.5,19309,84198,34590,13.98220092,60.97018762,25.04761146
24214,三重県,三重県いなべ市,http://www.city.inabe.mie.jp/opendata/index.html,45815,208.4,45.7,45.9,5856,27858,11575,12.93029212,61.51162534,25.55808254
24215,三重県,三重県志摩市,https://www.city.shima.mie.jp/opendate/index.html,50341,281.3,52.8,56.6,4941,26335,18648,9.897043506,52.75018027,37.35277622
25201,滋賀県,滋賀県大津市,http://www.city.otsu.lg.jp/opendata/,340973,734.0,44.9,45.3,47815,207110,83118,14.14465024,61.26735356,24.5879962
25203,滋賀県,滋賀県長浜市,http://www.city.nagahama.lg.jp/0000000798.html,118193,173.6,46.1,46.4,16132,68787,31244,13.88738239,59.21592934,26.89668827
25206,滋賀県,滋賀県草津市,https://kusatsu.geocloud.jp/webgis/Resource/OpenData/index.html,137247,"2,023.7",41.7,41,19741,87537,26879,14.71484902,65.24967016,20.03548082
25209,滋賀県,滋賀県甲賀市,http://www.city.koka.lg.jp/opendata/,90901,188.7,45.7,46.1,12503,54758,23205,13.82066191,60.52881746,25.65052064
26100,京都府,京都府京都市,https://data.city.kyoto.lg.jp/,1475183,"1,782.0",45.9,45.6,162141,886422,381132,11.34095034,62.00077639,26.65827327
27100,大阪府,大阪府大阪市,https://data.city.osaka.lg.jp/,2691185,"11,949.7",45.8,45.2,295298,1682798,668698,11.1568184,63.57872959,25.26445201
27140,大阪府,大阪府堺市,http://www.city.sakai.lg.jp/shisei/gyosei/open_data/index.html,839310,"5,602.1",45.8,45.8,112964,495966,224064,13.56120212,59.54016476,26.89863312
27206,大阪府,大阪府泉大津市,http://www.city.izumiotsu.lg.jp/kakuka/somu/somu/johosystem/opendata/1456451820235.html,75897,"5,303.8",44.3,44.6,10541,47014,18005,13.95050291,62.22075172,23.82874537
27207,大阪府,大阪府高槻市,http://www.city.takatsuki.osaka.jp/kakuka/soumu/itseisak/gyomuannai/opendata/opendata.html,351829,"3,341.5",46.3,46.3,45483,206532,96684,13.04362789,59.22930665,27.72706546
27210,大阪府,大阪府枚方市,https://www.city.hirakata.osaka.jp/site/opendata/,404152,"6,206.3",46,46.6,51925,233387,105394,13.29004418,59.73468542,26.97527041
27211,大阪府,大阪府茨木市,http://www.city.ibaraki.osaka.jp/opendata/opendata.html,280033,"3,661.0",43.9,43.8,40576,171442,64953,14.6499092,61.89889916,23.45119164
27214,大阪府,大阪府富田林市,http://www.city.tondabayashi.osaka.jp/map/1050/download.html,113984,"2,869.7",46.5,47.8,13698,69034,30821,12.06308948,60.79451886,27.14239166
28100,兵庫県,兵庫県神戸市,https://data.city.kobe.lg.jp/,1537272,"2,759.8",46.6,47,185084,921967,411427,12.18878377,60.71652009,27.09469614
28201,兵庫県,兵庫県姫路市,http://www.city.himeji.lg.jp/s20/2212162/_35926.html,535664,"1,002.2",45,45.2,75155,324094,134671,14.07607881,60.70085406,25.22306713
28202,兵庫県,兵庫県尼崎市,http://data.city.amagasaki.hyogo.jp/,452563,"8,922.8",47,47.2,50036,265526,121155,11.4573053,60.80047262,27.74222208
28204,兵庫県,兵庫県西宮市,http://opendata.nishi.or.jp/opendata/Menu.aspx,487850,"4,880.5",44.4,44.7,66025,293369,109205,14.08987215,62.605554,23.30457385
28206,兵庫県,兵庫県芦屋市,http://www.city.ashiya.lg.jp/jouhou/opendata.html,95350,"5,162.4",47.1,47.9,12518,56130,25943,13.23381717,59.33968348,27.42649935
28210,兵庫県,兵庫県加古川市,https://www.opendata-kakogawa.jp,267435,"1,931.2",45.1,45.2,36724,163163,66824,13.76921087,61.1759545,25.05483463
28214,兵庫県,兵庫県宝塚市,http://www.city.takarazuka.hyogo.jp/1014984/index.html,224903,"2,209.3",46.5,47.1,29691,130976,59733,13.47141561,59.42649728,27.10208711
28217,兵庫県,兵庫県川西市,http://www.city.kawanishi.hyogo.jp/gyozaisei/017646.html,156375,"2,926.2",47.5,48.1,20347,88809,47024,13.02791651,56.86323473,30.10884876
28219,兵庫県,兵庫県三田市,http://www.city.sanda.lg.jp/shiseijouhou/sonohoka/opendata/datateikyo.html,112691,535.8,44.6,46.6,14634,73966,23952,13.00199019,65.71717961,21.28083019
29201,奈良県,奈良県奈良市,http://www.city.nara.lg.jp/www/contents/1400827150843/index.html,360310,"1,301.0",47.3,48.3,42796,212572,102416,11.96140688,59.41350088,28.62509223
29204,奈良県,奈良県天理市,http://www.city.tenri.nara.jp/kakuka/soumubu/jouhouseisakuka/1425528872138.html,67398,779.9,43.9,43.5,8441,42135,16156,12.64910388,63.14062219,24.21027393
29209,奈良県,奈良県生駒市,http://www.city.ikoma.lg.jp/opendata/0opendata_1.html,118233,"2,224.5",45.3,45.9,17360,69444,30293,14.82531576,59.30467903,25.87000521
29211,奈良県,奈良県葛城市,"http://www.city.katsuragi.nara.jp/index.cfm/21,16780,68,html",36635,"1,086.4",45.2,45.3,5568,21308,9699,15.22351333,58.25837321,26.51811347
29212,奈良県,奈良県宇陀市,http://www.city.uda.nara.jp/kouhoujouhou/databank/od.html,31105,125.7,52.4,57.2,2997,16718,11386,9.636346098,53.75389859,36.60975531
30202,和歌山県,和歌山県海南市,http://www.city.kainan.lg.jp/business/1411525750773.html,51860,513.2,50.7,53.4,5659,28330,17625,10.96407951,54.88820863,34.14771186
30203,和歌山県,和歌山県橋本市,http://www.city.hashimoto.lg.jp/shisei/hashimotoshinitsuite/toukei/opendata/,63621,487.3,48,50.5,7770,37244,18434,12.2462489,58.70003783,29.05371328
32201,島根県,島根県松江市,http://ntoukei.city.matsue.shimane.jp/,206230,359.9,47,47.9,26384,117497,56386,13.17441216,58.67017532,28.15541252
32206,島根県,島根県安来市,http://yasugi.od-db.jp/,39528,93.9,50.8,54.2,4798,20593,13816,12.23761063,52.52378402,35.23860535
33100,岡山県,岡山県岡山市,http://www.okayama-opendata.jp/,719474,910.8,44.7,44.2,97043,435475,175013,13.71572412,61.54853992,24.73573596
33202,岡山県,岡山県倉敷市,http://dataeye.jp/,477118,"1,341.6",45.5,45.4,64463,270529,122037,14.10479423,59.1929615,26.70224428
33203,岡山県,岡山県津山市,https://www.city.tsuyama.lg.jp/life/index2.php?id=5530,103746,204.9,47.1,48,13991,59399,29663,13.57650917,57.639273,28.78421783
33204,岡山県,岡山県玉野市,http://www.city.tamano.lg.jp/docs/2014030500018/,60736,586.4,50.7,54,6363,32729,21440,10.51179541,54.06892222,35.41928236
33205,岡山県,岡山県笠岡市,http://dataeye.jp/,50568,370.8,50.9,53.9,5534,27349,17519,10.97972303,54.26173565,34.75854133
33207,岡山県,岡山県井原市,http://dataeye.jp/,41390,170.0,50.7,53.5,4658,22465,14247,11.25936669,54.30263476,34.43799855
33208,岡山県,岡山県総社市,http://dataeye.jp/,66855,315.5,45.9,46,9488,38696,18175,14.2979852,58.31311503,27.38889977
33209,岡山県,岡山県高梁市,http://dataeye.jp/,32075,58.6,52.9,57.5,2993,16496,12243,9.432118997,51.98537754,38.58250347
33210,岡山県,岡山県新見市,http://dataeye.jp/,30658,38.6,53.2,58,3269,15420,11851,10.70399476,50.49115914,38.8048461
33216,岡山県,岡山県浅口市,http://dataeye.jp/,34235,515.1,50.3,53,3915,18346,11914,11.4557425,53.68251646,34.86174104
33423,岡山県,岡山県早島町,http://dataeye.jp/,12154,"1,595.0",45.4,45.1,1885,6881,3345,15.56436298,56.81611758,27.61951945
33445,岡山県,岡山県里庄町,http://www.okayama-opendata.jp/,10929,893.6,47.3,48.1,1515,6154,3256,13.86727689,56.32951945,29.80320366
33461,岡山県,岡山県矢掛町,http://dataeye.jp/,14201,156.7,52,55.9,1532,7417,5248,10.79101219,52.24343171,36.9655561
34100,広島県,広島県広島市,http://www.city.hiroshima.lg.jp/www/opendatamain/index.html,1194034,"1,317.1",44.4,44.4,166427,730388,279311,14.15043966,62.10116943,23.7483909
34202,広島県,広島県呉市,https://www.city.kure.lg.jp/soshiki/36/opendata-index.html,228552,647.8,49.5,51.3,25905,124928,76204,11.41003449,55.02539234,33.56457318
34212,広島県,広島県東広島市,http://www.city.higashihiroshima.lg.jp/opendata/index.html,192907,303.7,42.9,42.2,27521,119964,42209,14.50810252,63.24079834,22.25109914
35202,山口県,山口県宇部市,http://odcs.bodik.jp/352021/,169429,591.1,48,49.2,20513,96548,51303,12.18372099,57.34480055,30.47147846
35203,山口県,山口県山口市,http://aac-omap.com/ygmapdoc/?page_id=44,197422,192.9,46.3,46.6,26118,116106,53325,13.35624319,59.37437675,27.26938005
35206,山口県,山口県防府市,http://www.city.hofu.yamaguchi.jp/soshiki/7/opendatatorikumi.html,115942,612.3,47.1,47.7,15331,66700,33582,13.26061948,57.69247403,29.04690649
35215,山口県,山口県周南市,http://www.city.shunan.lg.jp/section/joho/joho/y_densi_3_3.html,144842,220.7,48.4,49.8,17992,81321,44114,12.54436055,56.69852957,30.75710989
36208,徳島県,徳島県三好市,https://www.miyoshi.i-tokushima.jp/shisei/toke/,26836,37.2,55.7,60.2,2326,13500,10992,8.673279141,50.33932433,40.98739652
37201,香川県,香川県高松市,http://www.city.takamatsu.kagawa.jp/25074.html,420748,"1,120.8",46.4,46.7,55082,240958,109369,13.58677286,59.43577967,26.97744747
37202,香川県,香川県丸亀市,http://www.city.marugame.lg.jp/itwinfo/i28373/,110010,984.2,46.3,46.6,15054,63441,29572,13.93024698,58.70524767,27.36450535
37207,香川県,香川県東かがわ市,http://www.higashikagawa.jp/itwinfo/i7512/,31031,203.0,53.4,58.1,2983,15752,12244,9.629103586,50.8473482,39.52354821
38201,愛媛県,愛媛県松山市,http://www.city.matsuyama.ehime.jp/shisei/opendata/top.html,514865,"1,199.1",46,46.3,64925,303024,128658,13.07371825,61.01887408,25.90740767
38202,愛媛県,愛媛県今治市,http://www.city.imabari.ehime.jp/opendata/data.html,158114,377.2,49.9,52.4,18816,86057,52636,11.94598404,54.63624301,33.41777295
38205,愛媛県,愛媛県新居浜市,http://www.city.niihama.lg.jp/site/opendata/,119903,511.4,48.1,49.4,15812,66679,36715,13.264433,55.93594282,30.79962418
40100,福岡県,福岡県北九州市,http://www.open-governmentdata.org/kitakyushu-city/,961286,"1,954.0",47.5,48.5,119448,549397,277120,12.62710565,58.07794157,29.29495277
40130,福岡県,福岡県福岡市,http://www.open-governmentdata.org/fukuoka-city/,1538681,"4,480.9",43.1,42.5,199923,996401,312331,13.25173747,66.04564993,20.70261259
40203,福岡県,福岡県久留米市,http://kurume.bodik.jp,304552,"1,324.4",45.5,46,41133,179398,76256,13.85943454,60.44671768,25.69384778
40216,福岡県,福岡県小郡市,http://odcs.bodik.jp/402168/,57983,"1,274.1",45.8,46.8,8286,34489,15089,14.31978432,59.60355316,26.07666252
40225,福岡県,福岡県うきは市,http://odcs.bodik.jp/402257/,29509,251.2,49.2,52.1,3823,16272,9414,12.95536955,55.1424989,31.90213155
40225,福岡県,福岡県大刀洗町,http://odcs.bodik.jp/405035/,29509,251.2,49.2,52.1,3823,16272,9414,12.95536955,55.1424989,31.90213155
41205,佐賀県,佐賀県伊万里市,http://www.city.imari.saga.jp/opendata/,55238,216.4,47.4,49.8,8151,31230,15782,14.77620869,56.61403477,28.60975654
42202,長崎県,長崎県佐世保市,http://sasebo.machi-opendata.jp/,255439,599.5,47.4,48.8,33765,146170,73685,13.31322451,57.63346739,29.0533081
43100,熊本県,熊本県熊本市,http://www.city.kumamoto.jp/hpkiji/pub/List.aspx?c_id=5&class_set_id=2&class_id=2032,740822,"1,898.0",44.8,44.8,103433,452822,177325,14.09975735,61.72769159,24.17255105
43210,熊本県,熊本県菊池市,http://www.city.kikuchi.lg.jp/q/aview/295/5551.html,48167,174.0,48.7,51.8,6374,26798,14820,13.28138023,55.83847308,30.88014669
45204,宮崎県,宮崎県日南市,http://www.city.nichinan.lg.jp/main//page011984.html,54090,100.9,51.1,55.6,6376,28766,18884,11.8017251,53.24473402,34.95354089
46201,鹿児島県,鹿児島県鹿児島市,http://www.city.kagoshima.lg.jp/jousys/opendata.html,599814,"1,095.5",45.5,46.2,80965,358756,145300,13.83967413,61.32361061,24.83671526
47208,沖縄県,沖縄県浦添市,http://www.city.urasoe.lg.jp/categories/kubun/open_data/,114232,"5,864.1",40.4,40.6,20910,72626,19476,18.50245992,64.26397197,17.23356812
47212,沖縄県,沖縄県豊見城市,http://www.city.tomigusuku.okinawa.jp/municipal_government/4338,61119,"3,118.3",39.6,39.2,12206,38232,10189,20.13294407,63.06101242,16.80604351